Embedding,Logistic_Regression,Support_Vector_Machine,Random_Forest,Decision_Tree
tfidf,0.019138755980861243,0.019138755980861243,0.019138755980861243,0.019138755980861243
mpnet,0.784688995215311,0.7607655502392344,0.7272727272727273,0.5358851674641149
glove,0.7416267942583732,0.5885167464114832,0.6602870813397129,0.5454545454545454
word2vec,0.7559808612440191,0.7272727272727273,0.69377990430622,0.5311004784688995
